Name,Time
Hiruni,14:21:00
Hiruni,15:21:32
Hiruni,16:48:24
Hiruni,16:49:14
Kavinda,18:45:23
Hiruni,18:47:20
Hiruni,18:47:40
Hiruni,18:47:57
Hiruni,18:48:11
Hiruni,18:48:36
Emma,18:59:54
Hiruni,21:09:23
Hiruni,21:27:17
Kavinda,21:27:51
Hiruni,21:30:30
Hiruni,21:30:36
Hiruni,22:43:55
Kavinda,23:11:27
Hiruni,23:15:11
Hiruni,23:15:31
Kavinda,23:17:47
Hiruni,23:17:48
Kavinda,23:18:05
Hiruni,23:18:07
Hiruni,23:18:27
Kavinda,23:18:48
Hiruni,23:18:49
Kavinda,23:42:00
Hiruni,23:43:19
Kavinda,23:44:55
Hiruni,23:45:14
Kavinda,23:46:50
Kavinda,23:47:34
Hiruni,23:47:52
Kavinda,23:48:10
Hiruni,23:48:12
Kavinda,23:48:27
Hiruni,23:48:29
Hiruni,23:55:51
